<?xml version="1.0" encoding="UTF-8"?>
<GenRun Id="impl_1" LaunchPart="xc7z020clg484-1" LaunchTime="1724254244">
  <File Type="ROUTE-PWR" Name="Tlc_power_routed.rpt"/>
  <File Type="PA-TCL" Name="Tlc.tcl"/>
  <File Type="ROUTE-PWR-SUM" Name="Tlc_power_summary_routed.pb"/>
  <File Type="REPORTS-TCL" Name="Tlc_reports.tcl"/>
  <File Type="OPT-RQA-PB" Name="Tlc_rqa_opted.pb"/>
  <File Type="BITSTR-MMI" Name="Tlc.mmi"/>
  <File Type="OPT-METHODOLOGY-DRC" Name="Tlc_methodology_drc_opted.rpt"/>
  <File Type="INIT-TIMING" Name="Tlc_timing_summary_init.rpt"/>
  <File Type="OPT-TIMING" Name="Tlc_timing_summary_opted.rpt"/>
  <File Type="OPT-DCP" Name="Tlc_opt.dcp"/>
  <File Type="OPT-DRC" Name="Tlc_drc_opted.rpt"/>
  <File Type="OPT-HWDEF" Name="Tlc.hwdef"/>
  <File Type="PWROPT-DCP" Name="Tlc_pwropt.dcp"/>
  <File Type="PWROPT-DRC" Name="Tlc_drc_pwropted.rpt"/>
  <File Type="PWROPT-TIMING" Name="Tlc_timing_summary_pwropted.rpt"/>
  <File Type="PLACE-DCP" Name="Tlc_placed.dcp"/>
  <File Type="PLACE-IO" Name="Tlc_io_placed.rpt"/>
  <File Type="PLACE-CLK" Name="Tlc_clock_utilization_placed.rpt"/>
  <File Type="PLACE-UTIL" Name="Tlc_utilization_placed.rpt"/>
  <File Type="PLACE-UTIL-PB" Name="Tlc_utilization_placed.pb"/>
  <File Type="PLACE-CTRL" Name="Tlc_control_sets_placed.rpt"/>
  <File Type="PLACE-SIMILARITY" Name="Tlc_incremental_reuse_placed.rpt"/>
  <File Type="PLACE-PRE-SIMILARITY" Name="Tlc_incremental_reuse_pre_placed.rpt"/>
  <File Type="BG-BIN" Name="Tlc.bin"/>
  <File Type="PLACE-TIMING" Name="Tlc_timing_summary_placed.rpt"/>
  <File Type="ROUTE-PWR-RPX" Name="Tlc_power_routed.rpx"/>
  <File Type="PLACE-RQA-PB" Name="Tlc_rqa_placed.pb"/>
  <File Type="POSTPLACE-PWROPT-DCP" Name="Tlc_postplace_pwropt.dcp"/>
  <File Type="BITSTR-MSK" Name="Tlc.msk"/>
  <File Type="POSTPLACE-PWROPT-TIMING" Name="Tlc_timing_summary_postplace_pwropted.rpt"/>
  <File Type="PHYSOPT-DCP" Name="Tlc_physopt.dcp"/>
  <File Type="PHYSOPT-DRC" Name="Tlc_drc_physopted.rpt"/>
  <File Type="BITSTR-RBT" Name="Tlc.rbt"/>
  <File Type="PHYSOPT-TIMING" Name="Tlc_timing_summary_physopted.rpt"/>
  <File Type="ROUTE-ERROR-DCP" Name="Tlc_routed_error.dcp"/>
  <File Type="ROUTE-DCP" Name="Tlc_routed.dcp"/>
  <File Type="ROUTE-BLACKBOX-DCP" Name="Tlc_routed_bb.dcp"/>
  <File Type="ROUTE-DRC" Name="Tlc_drc_routed.rpt"/>
  <File Type="ROUTE-DRC-PB" Name="Tlc_drc_routed.pb"/>
  <File Type="ROUTE-DRC-RPX" Name="Tlc_drc_routed.rpx"/>
  <File Type="ROUTE-METHODOLOGY-DRC" Name="Tlc_methodology_drc_routed.rpt"/>
  <File Type="ROUTE-METHODOLOGY-DRC-RPX" Name="Tlc_methodology_drc_routed.rpx"/>
  <File Type="ROUTE-METHODOLOGY-DRC-PB" Name="Tlc_methodology_drc_routed.pb"/>
  <File Type="ROUTE-RQS-PB" Name="Tlc_rqs_routed.pb"/>
  <File Type="ROUTE-STATUS" Name="Tlc_route_status.rpt"/>
  <File Type="ROUTE-STATUS-PB" Name="Tlc_route_status.pb"/>
  <File Type="ROUTE-TIMINGSUMMARY" Name="Tlc_timing_summary_routed.rpt"/>
  <File Type="ROUTE-TIMING-PB" Name="Tlc_timing_summary_routed.pb"/>
  <File Type="ROUTE-TIMING-RPX" Name="Tlc_timing_summary_routed.rpx"/>
  <File Type="ROUTE-SIMILARITY" Name="Tlc_incremental_reuse_routed.rpt"/>
  <File Type="ROUTE-CLK" Name="Tlc_clock_utilization_routed.rpt"/>
  <File Type="ROUTE-BUS-SKEW" Name="Tlc_bus_skew_routed.rpt"/>
  <File Type="ROUTE-BUS-SKEW-PB" Name="Tlc_bus_skew_routed.pb"/>
  <File Type="ROUTE-BUS-SKEW-RPX" Name="Tlc_bus_skew_routed.rpx"/>
  <File Type="POSTROUTE-PHYSOPT-DCP" Name="Tlc_postroute_physopt.dcp"/>
  <File Type="POSTROUTE-PHYSOPT-BLACKBOX-DCP" Name="Tlc_postroute_physopt_bb.dcp"/>
  <File Type="POSTROUTE-PHYSOPT-TIMING" Name="Tlc_timing_summary_postroute_physopted.rpt"/>
  <File Type="POSTROUTE-PHYSOPT-TIMING-PB" Name="Tlc_timing_summary_postroute_physopted.pb"/>
  <File Type="POSTROUTE-PHYSOPT-TIMING-RPX" Name="Tlc_timing_summary_postroute_physopted.rpx"/>
  <File Type="POSTROUTE-PHYSOPT-BUS-SKEW" Name="Tlc_bus_skew_postroute_physopted.rpt"/>
  <File Type="BG-BIT" Name="Tlc.bit"/>
  <File Type="POSTROUTE-PHYSOPT-BUS-SKEW-PB" Name="Tlc_bus_skew_postroute_physopted.pb"/>
  <File Type="POSTROUTE-PHYSOPT-BUS-SKEW-RPX" Name="Tlc_bus_skew_postroute_physopted.rpx"/>
  <File Type="BITSTR-NKY" Name="Tlc.nky"/>
  <File Type="BITSTR-BMM" Name="Tlc_bd.bmm"/>
  <File Type="PDI-FILE" Name="Tlc.pdi"/>
  <File Type="BOOT-PDI-FILE" Name="Tlc_boot.pdi"/>
  <File Type="PL-PDI-FILE" Name="Tlc_pld.pdi"/>
  <File Type="RCFI_FILE" Name="Tlc.rcfi"/>
  <File Type="CFI_FILE" Name="Tlc.cfi"/>
  <File Type="RNPI_FILE" Name="Tlc.rnpi"/>
  <File Type="NPI_FILE" Name="Tlc.npi"/>
  <File Type="RBD_FILE" Name="Tlc.rbd"/>
  <File Type="BITSTR-LTX" Name="debug_nets.ltx"/>
  <File Type="BITSTR-LTX" Name="Tlc.ltx"/>
  <File Type="BITSTR-SYSDEF" Name="Tlc.sysdef"/>
  <File Type="BG-BGN" Name="Tlc.bgn"/>
  <File Type="BG-DRC" Name="Tlc.drc"/>
  <File Type="RDI-RDI" Name="Tlc.vdi"/>
  <File Type="WBT-USG" Name="usage_statistics_webtalk.html"/>
  <File Type="ROUTE-RQS" Name="Tlc_routed.rqs"/>
  <File Type="POSTROUTE-PHYSOPT-RQS" Name="Tlc_postroute_physopted.rqs"/>
  <File Type="ROUTE-RQS-RPT" Name="route_report_qor_suggestions_0.rpt"/>
  <File Type="POSTROUTE-PHYSOPT-RQS-RPT" Name="postroute_physopt_report_qor_suggestions_0.rpt"/>
  <FileSet Name="sources" Type="DesignSrcs" RelSrcDir="$PSRCDIR/sources_1" RelGenDir="$PGENDIR/sources_1">
    <Filter Type="Srcs"/>
    <File Path="$PSRCDIR/sources_1/new/Tlc.v">
      <FileInfo>
        <Attr Name="UsedIn" Val="synthesis"/>
        <Attr Name="UsedIn" Val="implementation"/>
        <Attr Name="UsedIn" Val="simulation"/>
      </FileInfo>
    </File>
    <Config>
      <Option Name="DesignMode" Val="RTL"/>
      <Option Name="TopModule" Val="Tlc"/>
      <Option Name="TopAutoSet" Val="TRUE"/>
    </Config>
  </FileSet>
  <FileSet Name="constrs_in" Type="Constrs" RelSrcDir="$PSRCDIR/constrs_1" RelGenDir="$PGENDIR/constrs_1">
    <Filter Type="Constrs"/>
    <Config>
      <Option Name="ConstrsType" Val="XDC"/>
    </Config>
  </FileSet>
  <FileSet Name="utils" Type="Utils" RelSrcDir="$PSRCDIR/utils_1" RelGenDir="$PGENDIR/utils_1">
    <Filter Type="Utils"/>
    <Config>
      <Option Name="TopAutoSet" Val="TRUE"/>
    </Config>
  </FileSet>
  <Strategy Version="1" Minor="2">
    <StratHandle Name="Vivado Implementation Defaults" Flow="Vivado Implementation 2023">
      <Desc>Default settings for Implementation.</Desc>
    </StratHandle>
    <Step Id="init_design"/>
    <Step Id="opt_design"/>
    <Step Id="power_opt_design"/>
    <Step Id="place_design"/>
    <Step Id="post_place_power_opt_design"/>
    <Step Id="phys_opt_design"/>
    <Step Id="route_design"/>
    <Step Id="post_route_phys_opt_design"/>
    <Step Id="write_bitstream"/>
  </Strategy>
</GenRun>
